muni	source_url_norm	date_iso	crosswalked_type	kind	source_url	node_id	docSha
saint-raymond	https://villesaintraymond.com/uploads/documents/pieces-jointes/20-04-2026-ordre-du-jour.pdf	2026-04-20	changement-de-zonage	rezonage	https://villesaintraymond.com/uploads/documents/pieces-jointes/20-04-2026-ordre-du-jour.pdf	event-saint-raymond-rezonage-hc14-2026-04-20	2b0a6e2c42b7fc9d1fcd840ba52b5d6f77ff07f3f93cb21d39e94811c6c2bfd9
saint-raymond	https://villesaintraymond.com/uploads/documents/pieces-jointes/09-02-2026-Ordre-du-jour.pdf	2026-02-09	changement-de-zonage	rezonage	https://villesaintraymond.com/uploads/documents/pieces-jointes/09-02-2026-Ordre-du-jour.pdf	event-saint-raymond-rezonage-hc15-2026-02-09	8c2b4d6ba1718c102dc66f7a51756bf514ab488790b828fc30866f185cab3ae8
saint-raymond	https://villesaintraymond.com/uploads/documents/pieces-jointes/09-02-2026-Ordre-du-jour.pdf	2026-02-09	changement-de-zonage	rezonage	https://villesaintraymond.com/uploads/documents/pieces-jointes/09-02-2026-Ordre-du-jour.pdf	event-saint-raymond-rezonage-hc13-2026-02-09	8c2b4d6ba1718c102dc66f7a51756bf514ab488790b828fc30866f185cab3ae8
saint-raymond	https://villesaintraymond.com/uploads/documents/pieces-jointes/20-04-2026-ordre-du-jour.pdf	2026-04-20	changement-de-zonage	rezonage	https://villesaintraymond.com/uploads/documents/pieces-jointes/20-04-2026-ordre-du-jour.pdf	event-saint-raymond-rezonage-ru30-2026-04-20	2b0a6e2c42b7fc9d1fcd840ba52b5d6f77ff07f3f93cb21d39e94811c6c2bfd9
saint-raymond	https://villesaintraymond.com/uploads/documents/pieces-jointes/11-05-2026-Ordre-du-jour.pdf	2026-05-11	changement-de-zonage	rezonage	https://villesaintraymond.com/uploads/documents/pieces-jointes/11-05-2026-Ordre-du-jour.pdf	event-saint-raymond-rezonage-hb9-2026-05-11	2c04acd0bcc7e4b437cad5645cb883fd604117db9b83b0bbd2e1aac299a38f3c
saint-raymond	https://villesaintraymond.com/uploads/documents/pieces-jointes/12-01-2026-Ordre-du-jour.pdf	2026-01-12	derogation-mineure	derogation	https://villesaintraymond.com/uploads/documents/pieces-jointes/12-01-2026-Ordre-du-jour.pdf	event-saint-raymond-derogation-6463883-2026-01	3db560a42373b1106be391bbe75427c425ba30d4fc81fdcf7b9303007ed1df0f
saint-raymond	https://villesaintraymond.com/uploads/documents/pieces-jointes/12-01-2026-Ordre-du-jour.pdf	2026-01-12	derogation-mineure	derogation	https://villesaintraymond.com/uploads/documents/pieces-jointes/12-01-2026-Ordre-du-jour.pdf	event-saint-raymond-derogation-3515446-2026-01	3db560a42373b1106be391bbe75427c425ba30d4fc81fdcf7b9303007ed1df0f
saint-raymond	https://villesaintraymond.com/uploads/documents/pieces-jointes/11-05-2026-Ordre-du-jour.pdf	2026-05-11	derogation-mineure	derogation	https://villesaintraymond.com/uploads/documents/pieces-jointes/11-05-2026-Ordre-du-jour.pdf	event-saint-raymond-derogation-6727555-2026-05	2c04acd0bcc7e4b437cad5645cb883fd604117db9b83b0bbd2e1aac299a38f3c
sutton	https://sutton.ca/wp-content/uploads/2025/12/WEB-Proces-verbal-2026-05-27-VF.pdf	2026-05-27	changement-de-zonage	rezonage	https://sutton.ca/wp-content/uploads/2025/12/WEB-Proces-verbal-2026-05-27-VF.pdf	event-sutton-refonte-reglementaire-2026-05-27	6c9d8c4486b8fa1c5f2898800a39bc73c04d5ed1f1a00b9ceb6c621c2e2ffd3e
sutton	https://sutton.ca/wp-content/uploads/2025/12/WEB-Proces-verbal-2026-06-03-V3.pdf	2026-06-03	ppcmoi	ppcmoi	https://sutton.ca/wp-content/uploads/2025/12/WEB-Proces-verbal-2026-06-03-V3.pdf	event-sutton-ppcmoi-sentiers-maple-2026-06	f13b67c9c09034b992bed6ba40961b13c0594a15456b5db51068f675bcbef945
sutton	https://sutton.ca/wp-content/uploads/2025/12/WEB-Proces-verbal-2026-06-03-V3.pdf	2026-06-03	derogation-mineure	derogation	https://sutton.ca/wp-content/uploads/2025/12/WEB-Proces-verbal-2026-06-03-V3.pdf	event-sutton-usage-conditionnel-santerre-2026-06	f13b67c9c09034b992bed6ba40961b13c0594a15456b5db51068f675bcbef945
coaticook	https://www.coaticook.ca/upload/DOCUMENTS/PV/PV20260112.pdf	2026-01-12	derogation-mineure	derogation	https://www.coaticook.ca/upload/DOCUMENTS/PV/PV20260112.pdf	event-coaticook-dero-26-01-38196	96ef944116ecfd9c17b88bba569254560a6c0585616ac82182b8897740a4e352
coaticook	https://www.coaticook.ca/upload/DOCUMENTS/PV/PV20210111.pdf	2021-01-11	derogation-mineure	derogation	https://www.coaticook.ca/upload/DOCUMENTS/PV/PV20210111.pdf	event-coaticook-dero-21-01-35729	5a5d4403465e89683e3328ffe443ea64de829ae18e098e4363fa98aaf5c4d633
coaticook	https://www.coaticook.ca/upload/DOCUMENTS/PV/PV20210111.pdf	2021-01-11	derogation-mineure	derogation	https://www.coaticook.ca/upload/DOCUMENTS/PV/PV20210111.pdf	event-coaticook-dero-21-01-35730	5a5d4403465e89683e3328ffe443ea64de829ae18e098e4363fa98aaf5c4d633
coaticook	https://www.coaticook.ca/upload/DOCUMENTS/PV/PV20260129%20extra.pdf	2026-01-29	cptaq	cptaq	https://www.coaticook.ca/upload/DOCUMENTS/PV/PV20260129%20extra.pdf	event-coaticook-cptaq-26-01-38226	cbb669ee5555115db22bdcc2e69507fcd8eaf5abf4296c056f7170bce037a2c3
coaticook	https://www.coaticook.ca/upload/DOCUMENTS/PV/PV20260209.pdf	2026-02-09	changement-de-zonage	rezonage	https://www.coaticook.ca/upload/DOCUMENTS/PV/PV20260209.pdf	event-coaticook-rezonage-26-02-38262	8c4662d38ea0060e99cd112a1116291d6bd920f93908d4e87fd42527f71660dc
coaticook	https://www.coaticook.ca/upload/DOCUMENTS/PV/PV20260209.pdf	2026-02-09	ppcmoi	ppcmoi	https://www.coaticook.ca/upload/DOCUMENTS/PV/PV20260209.pdf	event-coaticook-ppcmoi-26-02-38263	8c4662d38ea0060e99cd112a1116291d6bd920f93908d4e87fd42527f71660dc
saint-mathieu-de-beloeil	https://stmathieudebeloeil.ca/wp-content/uploads/2026/01/ODJ-SMB-2026-01-12.pdf	2026-01-12	changement-de-zonage	modification_zonage	https://stmathieudebeloeil.ca/wp-content/uploads/2026/01/ODJ-SMB-2026-01-12.pdf	event-saint-mathieu-de-beloeil-zonage-aero-2026-01-12	101e534328a6fc717d880bdfd464c9695e93989411a7003a4e7e97c328b17696
saint-mathieu-de-beloeil	https://stmathieudebeloeil.ca/wp-content/uploads/2026/01/ODJ-SMB-2026-01-12.pdf	2026-01-12	changement-de-zonage	modification_zonage	https://stmathieudebeloeil.ca/wp-content/uploads/2026/01/ODJ-SMB-2026-01-12.pdf	event-saint-mathieu-de-beloeil-zonage-r1-2026-01-12	101e534328a6fc717d880bdfd464c9695e93989411a7003a4e7e97c328b17696
saint-mathieu-de-beloeil	https://stmathieudebeloeil.ca/wp-content/uploads/2026/01/ODJ-SMB-2026-01-12.pdf	2026-01-12	changement-de-zonage	modification_zonage	https://stmathieudebeloeil.ca/wp-content/uploads/2026/01/ODJ-SMB-2026-01-12.pdf	event-saint-mathieu-de-beloeil-zonage-r14-2026-01-12	101e534328a6fc717d880bdfd464c9695e93989411a7003a4e7e97c328b17696
saint-mathieu-de-beloeil	https://stmathieudebeloeil.ca/wp-content/uploads/2026/02/PV-SMB-2026-02-02.pdf	2026-02-02	changement-de-zonage	modification_zonage	https://stmathieudebeloeil.ca/wp-content/uploads/2026/02/PV-SMB-2026-02-02.pdf	event-saint-mathieu-de-beloeil-zonage-aero-adoption-2026-02-02	b3ade5433631654b9bbe0acccad39f2e64746c13eef2563cdf23b13fc4d23978
saint-mathieu-de-beloeil	https://stmathieudebeloeil.ca/wp-content/uploads/2026/02/PV-SMB-2026-02-02.pdf	2026-02-02	changement-de-zonage	modification_zonage	https://stmathieudebeloeil.ca/wp-content/uploads/2026/02/PV-SMB-2026-02-02.pdf	event-saint-mathieu-de-beloeil-zonage-r1-adoption-2026-02-02	b3ade5433631654b9bbe0acccad39f2e64746c13eef2563cdf23b13fc4d23978
saint-mathieu-de-beloeil	https://stmathieudebeloeil.ca/wp-content/uploads/2026/02/PV-SMB-2026-02-02.pdf	2026-02-02	changement-de-zonage	modification_zonage	https://stmathieudebeloeil.ca/wp-content/uploads/2026/02/PV-SMB-2026-02-02.pdf	event-saint-mathieu-de-beloeil-zonage-r14-adoption-2026-02-02	b3ade5433631654b9bbe0acccad39f2e64746c13eef2563cdf23b13fc4d23978
saint-mathieu-de-beloeil	https://stmathieudebeloeil.ca/wp-content/uploads/2026/04/PV-SMB-2026-03-02.pdf	2026-03-02	changement-de-zonage	modification_zonage	https://stmathieudebeloeil.ca/wp-content/uploads/2026/04/PV-SMB-2026-03-02.pdf	event-saint-mathieu-de-beloeil-zonage-i4-avis-2026-03-02	183fc3816dce00e5b08469a99cac2988a58a958a963e555dba45102c96f8eb03
saint-mathieu-de-beloeil	https://stmathieudebeloeil.ca/wp-content/uploads/2026/04/PV-SMB-2026-03-02.pdf	2026-03-02	UNMAPPED	piia	https://stmathieudebeloeil.ca/wp-content/uploads/2026/04/PV-SMB-2026-03-02.pdf	event-saint-mathieu-de-beloeil-piia-tour-telecom-2026-03-02	183fc3816dce00e5b08469a99cac2988a58a958a963e555dba45102c96f8eb03
saint-mathieu-de-beloeil	https://stmathieudebeloeil.ca/wp-content/uploads/2026/04/PV-SMB-2026-03-02.pdf	2026-03-02	UNMAPPED	piia	https://stmathieudebeloeil.ca/wp-content/uploads/2026/04/PV-SMB-2026-03-02.pdf	event-saint-mathieu-de-beloeil-piia-enseigne-4195-2026-03-02	183fc3816dce00e5b08469a99cac2988a58a958a963e555dba45102c96f8eb03
saint-mathieu-de-beloeil	https://stmathieudebeloeil.ca/wp-content/uploads/2026/04/PV-SMB-2026-03-02.pdf	2026-03-02	derogation-mineure	derogation_mineure	https://stmathieudebeloeil.ca/wp-content/uploads/2026/04/PV-SMB-2026-03-02.pdf	event-saint-mathieu-de-beloeil-derog-4195-2026-03-02	183fc3816dce00e5b08469a99cac2988a58a958a963e555dba45102c96f8eb03
saint-mathieu-de-beloeil	https://stmathieudebeloeil.ca/wp-content/uploads/2026/04/PV-SMB-2026-04-07.pdf	2026-04-07	changement-de-zonage	modification_zonage	https://stmathieudebeloeil.ca/wp-content/uploads/2026/04/PV-SMB-2026-04-07.pdf	event-saint-mathieu-de-beloeil-zonage-idc-avis-2026-04-07	b4864024ae2c3991c32fd1cc2c3d8d7a810d508db0498e97597b847597b33d9e
saint-mathieu-de-beloeil	https://stmathieudebeloeil.ca/wp-content/uploads/2026/04/PV-SMB-2026-04-07.pdf	2026-04-07	UNMAPPED	modification_reglementation	https://stmathieudebeloeil.ca/wp-content/uploads/2026/04/PV-SMB-2026-04-07.pdf	event-saint-mathieu-de-beloeil-zonage-habitation-avis-2026-04-07	b4864024ae2c3991c32fd1cc2c3d8d7a810d508db0498e97597b847597b33d9e
saint-mathieu-de-beloeil	https://stmathieudebeloeil.ca/wp-content/uploads/2026/04/PV-SMB-2026-04-07.pdf	2026-04-07	UNMAPPED	piia	https://stmathieudebeloeil.ca/wp-content/uploads/2026/04/PV-SMB-2026-04-07.pdf	event-saint-mathieu-de-beloeil-piia-enseigne-2475-2026-04-07	b4864024ae2c3991c32fd1cc2c3d8d7a810d508db0498e97597b847597b33d9e
saint-mathieu-de-beloeil	https://stmathieudebeloeil.ca/wp-content/uploads/2026/04/PV-SMB-2026-04-07.pdf	2026-04-07	derogation-mineure	derogation_mineure	https://stmathieudebeloeil.ca/wp-content/uploads/2026/04/PV-SMB-2026-04-07.pdf	event-saint-mathieu-de-beloeil-derog-2475-2026-04-07	b4864024ae2c3991c32fd1cc2c3d8d7a810d508db0498e97597b847597b33d9e
saint-mathieu-de-beloeil	https://stmathieudebeloeil.ca/wp-content/uploads/2026/05/2026-05-04_PVR_Proces-verbal-seance.pdf	2026-05-04	changement-de-zonage	modification_zonage	https://stmathieudebeloeil.ca/wp-content/uploads/2026/05/2026-05-04_PVR_Proces-verbal-seance.pdf	event-saint-mathieu-de-beloeil-zonage-i4-adoption-2026-05-04	2c4a90550e8c3eb32de5034fec6f12c3c86c6b546fcae2a2bd3239447c3f6dad
saint-mathieu-de-beloeil	https://stmathieudebeloeil.ca/wp-content/uploads/2026/05/2026-05-04_PVR_Proces-verbal-seance.pdf	2026-05-04	changement-de-zonage	modification_zonage	https://stmathieudebeloeil.ca/wp-content/uploads/2026/05/2026-05-04_PVR_Proces-verbal-seance.pdf	event-saint-mathieu-de-beloeil-zonage-idc-second-projet-2026-05-04	2c4a90550e8c3eb32de5034fec6f12c3c86c6b546fcae2a2bd3239447c3f6dad
saint-mathieu-de-beloeil	https://stmathieudebeloeil.ca/wp-content/uploads/2026/05/2026-05-04_PVR_Proces-verbal-seance.pdf	2026-05-04	changement-de-zonage	modification_zonage	https://stmathieudebeloeil.ca/wp-content/uploads/2026/05/2026-05-04_PVR_Proces-verbal-seance.pdf	event-saint-mathieu-de-beloeil-zonage-i10-avis-2026-05-04	2c4a90550e8c3eb32de5034fec6f12c3c86c6b546fcae2a2bd3239447c3f6dad
saint-mathieu-de-beloeil	https://stmathieudebeloeil.ca/wp-content/uploads/2026/05/2026-05-04_PVR_Proces-verbal-seance.pdf	2026-05-04	changement-de-zonage	modification_zonage	https://stmathieudebeloeil.ca/wp-content/uploads/2026/05/2026-05-04_PVR_Proces-verbal-seance.pdf	event-saint-mathieu-de-beloeil-zonage-aero19-premier-projet-2026-05-04	2c4a90550e8c3eb32de5034fec6f12c3c86c6b546fcae2a2bd3239447c3f6dad
saint-eustache	https://www.saint-eustache.ca/storage/app/media/ville/vie-democratique/seances-du-conseil/proces-verbaux/2023PV_internet.pdf	2023-01-16	changement-de-zonage	modification_zonage	https://www.saint-eustache.ca/storage/app/media/ville/vie-democratique/seances-du-conseil/proces-verbaux/2023PV_internet.pdf	event-saint-eustache-zonage-1675-392	112d3ab4b7aa7583af74fef59f0838a538e4b57bf325d91c56591ea8b69ee9a5
saint-eustache	https://www.saint-eustache.ca/storage/app/media/ville/vie-democratique/seances-du-conseil/proces-verbaux/2023PV_internet.pdf	2023-01-16	changement-de-zonage	modification_zonage	https://www.saint-eustache.ca/storage/app/media/ville/vie-democratique/seances-du-conseil/proces-verbaux/2023PV_internet.pdf	event-saint-eustache-zonage-1675-393	112d3ab4b7aa7583af74fef59f0838a538e4b57bf325d91c56591ea8b69ee9a5
saint-eustache	https://www.saint-eustache.ca/storage/app/media/ville/vie-democratique/seances-du-conseil/proces-verbaux/2023PV_internet.pdf	2023-01-16	changement-de-zonage	modification_zonage	https://www.saint-eustache.ca/storage/app/media/ville/vie-democratique/seances-du-conseil/proces-verbaux/2023PV_internet.pdf	event-saint-eustache-zonage-1675-395	112d3ab4b7aa7583af74fef59f0838a538e4b57bf325d91c56591ea8b69ee9a5
saint-eustache	https://www.saint-eustache.ca/storage/app/media/ville/vie-democratique/seances-du-conseil/proces-verbaux/2023PV_internet.pdf	2023-01-16	changement-de-zonage	modification_zonage	https://www.saint-eustache.ca/storage/app/media/ville/vie-democratique/seances-du-conseil/proces-verbaux/2023PV_internet.pdf	event-saint-eustache-zonage-1675-396	112d3ab4b7aa7583af74fef59f0838a538e4b57bf325d91c56591ea8b69ee9a5
saint-eustache	https://www.saint-eustache.ca/storage/app/media/ville/vie-democratique/seances-du-conseil/proces-verbaux/2023PV_internet.pdf	2023-01-16	changement-de-zonage	modification_zonage	https://www.saint-eustache.ca/storage/app/media/ville/vie-democratique/seances-du-conseil/proces-verbaux/2023PV_internet.pdf	event-saint-eustache-zonage-1675-397	112d3ab4b7aa7583af74fef59f0838a538e4b57bf325d91c56591ea8b69ee9a5
saint-eustache	https://www.saint-eustache.ca/storage/app/media/ville/vie-democratique/seances-du-conseil/proces-verbaux/2023PV_internet.pdf	2023-01-16	changement-de-zonage	modification_zonage	https://www.saint-eustache.ca/storage/app/media/ville/vie-democratique/seances-du-conseil/proces-verbaux/2023PV_internet.pdf	event-saint-eustache-zonage-1675-398	112d3ab4b7aa7583af74fef59f0838a538e4b57bf325d91c56591ea8b69ee9a5
saint-eustache	https://www.saint-eustache.ca/storage/app/media/ville/vie-democratique/seances-du-conseil/proces-verbaux/2023PV_internet.pdf	2023-01-16	changement-de-zonage	modification_zonage	https://www.saint-eustache.ca/storage/app/media/ville/vie-democratique/seances-du-conseil/proces-verbaux/2023PV_internet.pdf	event-saint-eustache-zonage-1675-399	112d3ab4b7aa7583af74fef59f0838a538e4b57bf325d91c56591ea8b69ee9a5
saint-eustache	https://www.saint-eustache.ca/storage/app/media/ville/vie-democratique/seances-du-conseil/proces-verbaux/2023PV_internet.pdf	2023-01-16	changement-de-zonage	modification_zonage	https://www.saint-eustache.ca/storage/app/media/ville/vie-democratique/seances-du-conseil/proces-verbaux/2023PV_internet.pdf	event-saint-eustache-zonage-1675-401	112d3ab4b7aa7583af74fef59f0838a538e4b57bf325d91c56591ea8b69ee9a5
saint-eustache	https://www.saint-eustache.ca/storage/app/media/ville/vie-democratique/seances-du-conseil/proces-verbaux/2023PV_internet.pdf	2023-01-16	changement-de-zonage	modification_zonage	https://www.saint-eustache.ca/storage/app/media/ville/vie-democratique/seances-du-conseil/proces-verbaux/2023PV_internet.pdf	event-saint-eustache-zonage-1675-402	112d3ab4b7aa7583af74fef59f0838a538e4b57bf325d91c56591ea8b69ee9a5
saint-eustache	https://www.saint-eustache.ca/storage/app/media/ville/vie-democratique/seances-du-conseil/proces-verbaux/2023PV_internet.pdf	2023-01-16	changement-de-zonage	modification_zonage	https://www.saint-eustache.ca/storage/app/media/ville/vie-democratique/seances-du-conseil/proces-verbaux/2023PV_internet.pdf	event-saint-eustache-zonage-1675-403	112d3ab4b7aa7583af74fef59f0838a538e4b57bf325d91c56591ea8b69ee9a5
saint-eustache	https://www.saint-eustache.ca/storage/app/media/ville/vie-democratique/seances-du-conseil/proces-verbaux/2023PV_internet.pdf	2023-01-16	changement-de-zonage	modification_zonage	https://www.saint-eustache.ca/storage/app/media/ville/vie-democratique/seances-du-conseil/proces-verbaux/2023PV_internet.pdf	event-saint-eustache-zonage-1675-406	112d3ab4b7aa7583af74fef59f0838a538e4b57bf325d91c56591ea8b69ee9a5
saint-eustache	https://www.saint-eustache.ca/storage/app/media/ville/vie-democratique/seances-du-conseil/proces-verbaux/2023PV_internet.pdf	2023-01-16	changement-de-zonage	modification_zonage	https://www.saint-eustache.ca/storage/app/media/ville/vie-democratique/seances-du-conseil/proces-verbaux/2023PV_internet.pdf	event-saint-eustache-zonage-1675-407	112d3ab4b7aa7583af74fef59f0838a538e4b57bf325d91c56591ea8b69ee9a5
saint-eustache	https://www.saint-eustache.ca/storage/app/media/ville/vie-democratique/seances-du-conseil/proces-verbaux/2022PV_internet.pdf	2022-01-17	changement-de-zonage	modification_zonage	https://www.saint-eustache.ca/storage/app/media/ville/vie-democratique/seances-du-conseil/proces-verbaux/2022PV_internet.pdf	event-saint-eustache-zonage-1675-367	5207fa7da9a3c9928e87746111550d922fa6b0420e9feac771c99866a12cf70e
saint-eustache	https://www.saint-eustache.ca/storage/app/media/ville/vie-democratique/seances-du-conseil/proces-verbaux/2022PV_internet.pdf	2022-01-17	changement-de-zonage	modification_zonage	https://www.saint-eustache.ca/storage/app/media/ville/vie-democratique/seances-du-conseil/proces-verbaux/2022PV_internet.pdf	event-saint-eustache-zonage-1675-368	5207fa7da9a3c9928e87746111550d922fa6b0420e9feac771c99866a12cf70e
saint-eustache	https://www.saint-eustache.ca/storage/app/media/ville/vie-democratique/seances-du-conseil/proces-verbaux/2022PV_internet.pdf	2022-01-17	changement-de-zonage	modification_zonage	https://www.saint-eustache.ca/storage/app/media/ville/vie-democratique/seances-du-conseil/proces-verbaux/2022PV_internet.pdf	event-saint-eustache-zonage-1675-374	5207fa7da9a3c9928e87746111550d922fa6b0420e9feac771c99866a12cf70e
saint-eustache	https://www.saint-eustache.ca/storage/app/media/ville/vie-democratique/seances-du-conseil/proces-verbaux/2022PV_internet.pdf	2022-01-17	changement-de-zonage	modification_zonage	https://www.saint-eustache.ca/storage/app/media/ville/vie-democratique/seances-du-conseil/proces-verbaux/2022PV_internet.pdf	event-saint-eustache-zonage-1675-370	5207fa7da9a3c9928e87746111550d922fa6b0420e9feac771c99866a12cf70e
saint-eustache	https://www.saint-eustache.ca/storage/app/media/ville/vie-democratique/seances-du-conseil/proces-verbaux/2022PV_internet.pdf	2022-01-17	changement-de-zonage	modification_zonage	https://www.saint-eustache.ca/storage/app/media/ville/vie-democratique/seances-du-conseil/proces-verbaux/2022PV_internet.pdf	event-saint-eustache-zonage-1675-371	5207fa7da9a3c9928e87746111550d922fa6b0420e9feac771c99866a12cf70e
saint-eustache	https://www.saint-eustache.ca/storage/app/media/ville/vie-democratique/seances-du-conseil/proces-verbaux/2022PV_internet.pdf	2022-01-17	changement-de-zonage	modification_zonage	https://www.saint-eustache.ca/storage/app/media/ville/vie-democratique/seances-du-conseil/proces-verbaux/2022PV_internet.pdf	event-saint-eustache-zonage-1675-372	5207fa7da9a3c9928e87746111550d922fa6b0420e9feac771c99866a12cf70e
saint-eustache	https://www.saint-eustache.ca/storage/app/media/ville/vie-democratique/seances-du-conseil/proces-verbaux/2022PV_internet.pdf	2022-01-17	changement-de-zonage	modification_zonage	https://www.saint-eustache.ca/storage/app/media/ville/vie-democratique/seances-du-conseil/proces-verbaux/2022PV_internet.pdf	event-saint-eustache-zonage-1675-375	5207fa7da9a3c9928e87746111550d922fa6b0420e9feac771c99866a12cf70e
saint-eustache	https://www.saint-eustache.ca/storage/app/media/ville/vie-democratique/seances-du-conseil/proces-verbaux/2022PV_internet.pdf	2022-01-17	changement-de-zonage	modification_zonage	https://www.saint-eustache.ca/storage/app/media/ville/vie-democratique/seances-du-conseil/proces-verbaux/2022PV_internet.pdf	event-saint-eustache-zonage-1675-376	5207fa7da9a3c9928e87746111550d922fa6b0420e9feac771c99866a12cf70e
saint-eustache	https://www.saint-eustache.ca/storage/app/media/ville/vie-democratique/seances-du-conseil/proces-verbaux/2022PV_internet.pdf	2022-01-17	changement-de-zonage	modification_zonage	https://www.saint-eustache.ca/storage/app/media/ville/vie-democratique/seances-du-conseil/proces-verbaux/2022PV_internet.pdf	event-saint-eustache-zonage-1675-377	5207fa7da9a3c9928e87746111550d922fa6b0420e9feac771c99866a12cf70e
saint-eustache	https://www.saint-eustache.ca/storage/app/media/ville/vie-democratique/seances-du-conseil/proces-verbaux/2022PV_internet.pdf	2022-01-17	changement-de-zonage	modification_zonage	https://www.saint-eustache.ca/storage/app/media/ville/vie-democratique/seances-du-conseil/proces-verbaux/2022PV_internet.pdf	event-saint-eustache-zonage-1675-379	5207fa7da9a3c9928e87746111550d922fa6b0420e9feac771c99866a12cf70e
saint-eustache	https://www.saint-eustache.ca/storage/app/media/ville/vie-democratique/seances-du-conseil/proces-verbaux/2022PV_internet.pdf	2022-01-17	changement-de-zonage	modification_zonage	https://www.saint-eustache.ca/storage/app/media/ville/vie-democratique/seances-du-conseil/proces-verbaux/2022PV_internet.pdf	event-saint-eustache-zonage-1675-380	5207fa7da9a3c9928e87746111550d922fa6b0420e9feac771c99866a12cf70e
saint-eustache	https://www.saint-eustache.ca/storage/app/media/ville/vie-democratique/seances-du-conseil/proces-verbaux/2022PV_internet.pdf	2022-01-17	changement-de-zonage	modification_zonage	https://www.saint-eustache.ca/storage/app/media/ville/vie-democratique/seances-du-conseil/proces-verbaux/2022PV_internet.pdf	event-saint-eustache-zonage-1675-382	5207fa7da9a3c9928e87746111550d922fa6b0420e9feac771c99866a12cf70e
saint-eustache	https://www.saint-eustache.ca/storage/app/media/ville/vie-democratique/seances-du-conseil/proces-verbaux/2022PV_internet.pdf	2022-01-17	changement-de-zonage	modification_zonage	https://www.saint-eustache.ca/storage/app/media/ville/vie-democratique/seances-du-conseil/proces-verbaux/2022PV_internet.pdf	event-saint-eustache-zonage-1675-383	5207fa7da9a3c9928e87746111550d922fa6b0420e9feac771c99866a12cf70e
saint-eustache	https://www.saint-eustache.ca/storage/app/media/ville/vie-democratique/seances-du-conseil/proces-verbaux/2022PV_internet.pdf	2022-01-17	changement-de-zonage	modification_zonage	https://www.saint-eustache.ca/storage/app/media/ville/vie-democratique/seances-du-conseil/proces-verbaux/2022PV_internet.pdf	event-saint-eustache-zonage-1675-381	5207fa7da9a3c9928e87746111550d922fa6b0420e9feac771c99866a12cf70e
saint-eustache	https://www.saint-eustache.ca/storage/app/media/ville/vie-democratique/seances-du-conseil/proces-verbaux/2022PV_internet.pdf	2022-01-17	changement-de-zonage	modification_zonage	https://www.saint-eustache.ca/storage/app/media/ville/vie-democratique/seances-du-conseil/proces-verbaux/2022PV_internet.pdf	event-saint-eustache-zonage-1675-385	5207fa7da9a3c9928e87746111550d922fa6b0420e9feac771c99866a12cf70e
saint-eustache	https://www.saint-eustache.ca/storage/app/media/ville/vie-democratique/seances-du-conseil/proces-verbaux/2022PV_internet.pdf	2022-01-17	changement-de-zonage	modification_zonage	https://www.saint-eustache.ca/storage/app/media/ville/vie-democratique/seances-du-conseil/proces-verbaux/2022PV_internet.pdf	event-saint-eustache-zonage-1675-386	5207fa7da9a3c9928e87746111550d922fa6b0420e9feac771c99866a12cf70e
saint-eustache	https://www.saint-eustache.ca/storage/app/media/ville/vie-democratique/seances-du-conseil/proces-verbaux/2022PV_internet.pdf	2022-01-17	changement-de-zonage	modification_zonage	https://www.saint-eustache.ca/storage/app/media/ville/vie-democratique/seances-du-conseil/proces-verbaux/2022PV_internet.pdf	event-saint-eustache-zonage-1675-387	5207fa7da9a3c9928e87746111550d922fa6b0420e9feac771c99866a12cf70e
saint-eustache	https://www.saint-eustache.ca/storage/app/media/ville/vie-democratique/seances-du-conseil/proces-verbaux/2022PV_internet.pdf	2022-01-17	changement-de-zonage	modification_zonage	https://www.saint-eustache.ca/storage/app/media/ville/vie-democratique/seances-du-conseil/proces-verbaux/2022PV_internet.pdf	event-saint-eustache-zonage-1675-388	5207fa7da9a3c9928e87746111550d922fa6b0420e9feac771c99866a12cf70e
saint-eustache	https://www.saint-eustache.ca/storage/app/media/ville/vie-democratique/seances-du-conseil/proces-verbaux/2022PV_internet.pdf	2022-01-17	changement-de-zonage	modification_zonage	https://www.saint-eustache.ca/storage/app/media/ville/vie-democratique/seances-du-conseil/proces-verbaux/2022PV_internet.pdf	event-saint-eustache-zonage-1675-390	5207fa7da9a3c9928e87746111550d922fa6b0420e9feac771c99866a12cf70e
saint-eustache	https://www.saint-eustache.ca/storage/app/media/ville/vie-democratique/seances-du-conseil/proces-verbaux/2022PV_internet.pdf	2022-01-17	changement-de-zonage	modification_zonage	https://www.saint-eustache.ca/storage/app/media/ville/vie-democratique/seances-du-conseil/proces-verbaux/2022PV_internet.pdf	event-saint-eustache-zonage-1675-366	5207fa7da9a3c9928e87746111550d922fa6b0420e9feac771c99866a12cf70e
saint-eustache	https://www.saint-eustache.ca/storage/app/media/ville/vie-democratique/seances-du-conseil/proces-verbaux/2024PV_internet.pdf	2024-01-22	changement-de-zonage	modification_zonage	https://www.saint-eustache.ca/storage/app/media/ville/vie-democratique/seances-du-conseil/proces-verbaux/2024PV_internet.pdf	event-saint-eustache-zonage-1675-409	91f743e91a1a30f76680d649ba4c3666ea718a60404212b5d1bbd2ca77282002
saint-eustache	https://www.saint-eustache.ca/storage/app/media/ville/vie-democratique/seances-du-conseil/proces-verbaux/2024PV_internet.pdf	2024-01-22	changement-de-zonage	modification_zonage	https://www.saint-eustache.ca/storage/app/media/ville/vie-democratique/seances-du-conseil/proces-verbaux/2024PV_internet.pdf	event-saint-eustache-zonage-1675-411	91f743e91a1a30f76680d649ba4c3666ea718a60404212b5d1bbd2ca77282002
saint-eustache	https://www.saint-eustache.ca/storage/app/media/ville/vie-democratique/seances-du-conseil/proces-verbaux/2024PV_internet.pdf	2024-01-22	changement-de-zonage	modification_zonage	https://www.saint-eustache.ca/storage/app/media/ville/vie-democratique/seances-du-conseil/proces-verbaux/2024PV_internet.pdf	event-saint-eustache-zonage-1675-413	91f743e91a1a30f76680d649ba4c3666ea718a60404212b5d1bbd2ca77282002
saint-eustache	https://www.saint-eustache.ca/storage/app/media/ville/vie-democratique/seances-du-conseil/proces-verbaux/2024PV_internet.pdf	2024-01-22	changement-de-zonage	modification_zonage	https://www.saint-eustache.ca/storage/app/media/ville/vie-democratique/seances-du-conseil/proces-verbaux/2024PV_internet.pdf	event-saint-eustache-zonage-1675-414	91f743e91a1a30f76680d649ba4c3666ea718a60404212b5d1bbd2ca77282002
saint-eustache	https://www.saint-eustache.ca/storage/app/media/ville/vie-democratique/seances-du-conseil/proces-verbaux/2024PV_internet.pdf	2024-01-22	changement-de-zonage	modification_zonage	https://www.saint-eustache.ca/storage/app/media/ville/vie-democratique/seances-du-conseil/proces-verbaux/2024PV_internet.pdf	event-saint-eustache-zonage-1675-415	91f743e91a1a30f76680d649ba4c3666ea718a60404212b5d1bbd2ca77282002
saint-eustache	https://www.saint-eustache.ca/storage/app/media/ville/vie-democratique/seances-du-conseil/proces-verbaux/2024PV_internet.pdf	2024-01-22	changement-de-zonage	modification_zonage	https://www.saint-eustache.ca/storage/app/media/ville/vie-democratique/seances-du-conseil/proces-verbaux/2024PV_internet.pdf	event-saint-eustache-zonage-1675-416	91f743e91a1a30f76680d649ba4c3666ea718a60404212b5d1bbd2ca77282002
saint-eustache	https://www.saint-eustache.ca/storage/app/media/ville/vie-democratique/seances-du-conseil/proces-verbaux/2024PV_internet.pdf	2024-01-22	changement-de-zonage	modification_zonage	https://www.saint-eustache.ca/storage/app/media/ville/vie-democratique/seances-du-conseil/proces-verbaux/2024PV_internet.pdf	event-saint-eustache-zonage-1675-417	91f743e91a1a30f76680d649ba4c3666ea718a60404212b5d1bbd2ca77282002
saint-eustache	https://www.saint-eustache.ca/storage/app/media/ville/vie-democratique/seances-du-conseil/proces-verbaux/2024PV_internet.pdf	2024-01-22	changement-de-zonage	modification_zonage	https://www.saint-eustache.ca/storage/app/media/ville/vie-democratique/seances-du-conseil/proces-verbaux/2024PV_internet.pdf	event-saint-eustache-zonage-1675-418	91f743e91a1a30f76680d649ba4c3666ea718a60404212b5d1bbd2ca77282002
saint-eustache	https://www.saint-eustache.ca/storage/app/media/ville/vie-democratique/seances-du-conseil/proces-verbaux/2024PV_internet.pdf	2024-01-22	changement-de-zonage	modification_zonage	https://www.saint-eustache.ca/storage/app/media/ville/vie-democratique/seances-du-conseil/proces-verbaux/2024PV_internet.pdf	event-saint-eustache-zonage-1675-421	91f743e91a1a30f76680d649ba4c3666ea718a60404212b5d1bbd2ca77282002
saint-eustache	https://www.saint-eustache.ca/storage/app/media/ville/vie-democratique/seances-du-conseil/proces-verbaux/2024PV_internet.pdf	2024-01-22	changement-de-zonage	modification_zonage	https://www.saint-eustache.ca/storage/app/media/ville/vie-democratique/seances-du-conseil/proces-verbaux/2024PV_internet.pdf	event-saint-eustache-zonage-1675-420	91f743e91a1a30f76680d649ba4c3666ea718a60404212b5d1bbd2ca77282002
saint-eustache	https://www.saint-eustache.ca/storage/app/media/ville/vie-democratique/seances-du-conseil/proces-verbaux/2024PV_internet.pdf	2024-01-22	changement-de-zonage	modification_zonage	https://www.saint-eustache.ca/storage/app/media/ville/vie-democratique/seances-du-conseil/proces-verbaux/2024PV_internet.pdf	event-saint-eustache-zonage-1675-422	91f743e91a1a30f76680d649ba4c3666ea718a60404212b5d1bbd2ca77282002
saint-eustache	https://www.saint-eustache.ca/storage/app/media/ville/vie-democratique/seances-du-conseil/proces-verbaux/2024PV_internet.pdf	2024-01-22	changement-de-zonage	modification_zonage	https://www.saint-eustache.ca/storage/app/media/ville/vie-democratique/seances-du-conseil/proces-verbaux/2024PV_internet.pdf	event-saint-eustache-zonage-1675-423	91f743e91a1a30f76680d649ba4c3666ea718a60404212b5d1bbd2ca77282002
saint-eustache	https://www.saint-eustache.ca/storage/app/media/ville/vie-democratique/seances-du-conseil/proces-verbaux/2025PV_internet.pdf	2025-01-20	changement-de-zonage	modification_zonage	https://www.saint-eustache.ca/storage/app/media/ville/vie-democratique/seances-du-conseil/proces-verbaux/2025PV_internet.pdf	event-saint-eustache-zonage-1675-424	cb996f9a9d239a422807cae23129c1888b3ee4c98d9503c0e7f8f7e4040bb53a
saint-eustache	https://www.saint-eustache.ca/storage/app/media/ville/vie-democratique/seances-du-conseil/proces-verbaux/2025PV_internet.pdf	2025-01-20	changement-de-zonage	modification_zonage	https://www.saint-eustache.ca/storage/app/media/ville/vie-democratique/seances-du-conseil/proces-verbaux/2025PV_internet.pdf	event-saint-eustache-zonage-1675-425	cb996f9a9d239a422807cae23129c1888b3ee4c98d9503c0e7f8f7e4040bb53a
saint-eustache	https://www.saint-eustache.ca/storage/app/media/ville/vie-democratique/seances-du-conseil/proces-verbaux/2025PV_internet.pdf	2025-01-20	changement-de-zonage	modification_zonage	https://www.saint-eustache.ca/storage/app/media/ville/vie-democratique/seances-du-conseil/proces-verbaux/2025PV_internet.pdf	event-saint-eustache-zonage-1675-426	cb996f9a9d239a422807cae23129c1888b3ee4c98d9503c0e7f8f7e4040bb53a
saint-eustache	https://www.saint-eustache.ca/storage/app/media/ville/vie-democratique/seances-du-conseil/proces-verbaux/2025PV_internet.pdf	2025-01-20	changement-de-zonage	modification_zonage	https://www.saint-eustache.ca/storage/app/media/ville/vie-democratique/seances-du-conseil/proces-verbaux/2025PV_internet.pdf	event-saint-eustache-zonage-1675-427	cb996f9a9d239a422807cae23129c1888b3ee4c98d9503c0e7f8f7e4040bb53a
saint-eustache	https://www.saint-eustache.ca/storage/app/media/ville/vie-democratique/seances-du-conseil/proces-verbaux/2025PV_internet.pdf	2025-01-20	changement-de-zonage	modification_zonage	https://www.saint-eustache.ca/storage/app/media/ville/vie-democratique/seances-du-conseil/proces-verbaux/2025PV_internet.pdf	event-saint-eustache-zonage-1675-428	cb996f9a9d239a422807cae23129c1888b3ee4c98d9503c0e7f8f7e4040bb53a
saint-eustache	https://www.saint-eustache.ca/storage/app/media/ville/vie-democratique/seances-du-conseil/proces-verbaux/2025PV_internet.pdf	2025-01-20	changement-de-zonage	modification_zonage	https://www.saint-eustache.ca/storage/app/media/ville/vie-democratique/seances-du-conseil/proces-verbaux/2025PV_internet.pdf	event-saint-eustache-zonage-1675-429	cb996f9a9d239a422807cae23129c1888b3ee4c98d9503c0e7f8f7e4040bb53a
