city	reglement_number	bylaw_node_id
barnston-ouest	325-2026	bylaw-barnston-ouest-325-2026
barnston-ouest	326-2026	bylaw-barnston-ouest-326-2026
barnston-ouest	327-2026	bylaw-barnston-ouest-327-2026
barnston-ouest	328-2026	bylaw-barnston-ouest-328-2026
bolton-ouest	486-2026	bylaw-bolton-ouest-486-2026
bolton-ouest	488-2026	bylaw-bolton-ouest-488-2026
boucherville	2026-290-54	bylaw-boucherville-2026-290-54
candiac	5005-024	bylaw-candiac-5005-024
chambly	2026-1431-38A	bylaw-chambly-2026-1431-38a
champlain	2026-17	bylaw-champlain-2026-17
cheneville	2025-136	bylaw-cheneville-2025-136
clermont--charlevoix-est	VC-434-13	bylaw-clermont--charlevoix-est-VC-434-13
coteau-du-lac	URB-400	bylaw-coteau-du-lac-URB-400
cowansville	1841-52-2026	bylaw-cowansville-1841-52-2026
delson	757	bylaw-delson-757
delson	901-44	bylaw-delson-901-44
deschaillons-sur-saint-laurent	219-2026	bylaw-deschaillons-sur-saint-laurent-219-2026
deux-montagnes	1767	bylaw-deux-montagnes-1767
disraeli--les-appalaches	735	bylaw-disraeli--les-appalaches-735
dollard-des-ormeaux	R-2025-199	bylaw-dollard-des-ormeaux-R-2025-199
dorval	RCM-60-PU.4	bylaw-dorval-RCM-60-PU-4
duhamel	2026-09	bylaw-duhamel-2026-09-RCI
esprit-saint	2026-224	bylaw-esprit-saint-2026-224
havre-saint-pierre	407	bylaw-havre-saint-pierre-407
huberdeau	388-26	bylaw-huberdeau-388-26
hudson	526.20-2026	bylaw-hudson-526-20-2026
hudson	787-2026	bylaw-hudson-787-2026
lac-saint-joseph	2026-314	bylaw-lac-saint-joseph-2026-314-zonage
launay	250-26	bylaw-launay-250-26
lery	2026-572	bylaw-lery-2026-572
litchfield	2017-229-1	bylaw-litchfield-2017-229-1
mascouche	1089-18	bylaw-mascouche-1089-18
mascouche	1103-81	bylaw-mascouche-1103-81
matagami	402-2025	bylaw-matagami-402-2025
matagami	407-2026	bylaw-matagami-407-2026
matane	VM-365-2	bylaw-matane-VM-365-2
matane	VM-89-228	bylaw-matane-VM-89-228
matane	VM-89-229	bylaw-matane-VM-89-229
mcmasterville	382-37-2025	bylaw-mcmasterville-382-37-2025
melbourne	2026-01	bylaw-melbourne-2026-01
mont-blanc	194-84-2026	bylaw-mont-blanc-194-84-2026
mont-saint-pierre	251-2026	bylaw-mont-saint-pierre-251-2026
montreal-est	PR26-09	bylaw-montreal-est-PR26-09
nantes	536-26	bylaw-nantes-536-26-avis
nantes	537-26	bylaw-nantes-537-26-avis
notre-dame-de-la-salette	2026-03	bylaw-notre-dame-de-la-salette-2026-03
pincourt	819-05	bylaw-pincourt-819-05
repentigny	679	bylaw-repentigny-679
saint-alexis	2025-126	bylaw-saint-alexis-2025-126
saint-basile-le-grand	U-245-1	bylaw-saint-basile-le-grand-U-245-1
saint-blaise-sur-richelieu	563-25	bylaw-saint-blaise-sur-richelieu-563-25
saint-jean-baptiste	1013-26	bylaw-saint-jean-baptiste-1013-26
saint-jean-baptiste	1014-26	bylaw-saint-jean-baptiste-1014-26
saint-jean-sur-richelieu	2445	bylaw-saint-jean-sur-richelieu-2445
saint-jude	577-2026	bylaw-saint-jude-577-2026
saint-jude	578-2026	bylaw-saint-jude-578-2026
saint-mathias-sur-richelieu	1059	bylaw-saint-mathias-sur-richelieu-1059
saint-mathias-sur-richelieu	1065	bylaw-saint-mathias-sur-richelieu-1065
saint-michel	026-307	bylaw-saint-michel-026-307
saint-michel	026-356	bylaw-saint-michel-026-356
saint-ours	2026-303	bylaw-saint-ours-2026-303
saint-stanislas-de-kostka	451-2025	bylaw-saint-stanislas-de-kostka-451-2025
sainte-anne-des-plaines	1079-1	bylaw-sainte-anne-des-plaines-1079-1
sainte-marie-salome	333-2024	bylaw-sainte-marie-salome-333-2024-projet
sainte-martine	025-500	bylaw-sainte-martine-025-500
sainte-martine	026-502	bylaw-sainte-martine-026-502
sainte-martine	026-508	bylaw-sainte-martine-026-508
sainte-martine	026-509	bylaw-sainte-martine-026-509
sainte-martine	026-510	bylaw-sainte-martine-026-510
sainte-therese	1200-93	bylaw-sainte-therese-1200-93
sainte-therese	1352-1	bylaw-sainte-therese-1352-1
westmount	1665	bylaw-westmount-1665
